2180560,19900401,article,"xref,mesh","Animals,Cytochrome P-450 CYP3A,Cytochrome P-450 Enzyme System,Humans,Immunologic Techniques,In Vitro Techniques,Inactivation, Metabolic,Microsomes, Liver,Mixed Function Oxygenases,Mutagens,Pyrenes,Rabbits,Rats,Substrate Specificity",metabolism,"D008862 Q000378 NY,D009153 Q000378 NY,D011721 Q000378 NY,D006899 Q000378 NN","11790,39184,39185,53230","53787569,126522371,126522378,126522442","Inactivation of 1,3-, 1,6-, and 1,8-dinitropyrene by cytochrome P-450 enzymes in human and rat liver microsomes.","NADPH-fortified human liver microsomes were examined with regard to ability to detoxicate several chemicals that do not require enzymatic oxidation to elicit a genotoxic response in a Salmonella typhimurium TA1535/pSK1002 system where umu response is used as an indicator of DNA damage. Microsomes did not affect the response seen with daunomycin, mitomycin C, 2,4,7-trinitro-9-fluorene, 1-nitropyrene, doxorubicin, 1-methyl-3-nitro-1-nitrosoguanidine, 2-nitrofluorene, or 1-ethyl-3-nitro-1-nitrosoguanidine (cit",Cancer research,"T Shimada, F P Guengerich"," Department of Biochemistry, Vanderbilt University School of Medicine, Nashville, Tennessee 37232.",1990 Apr;50(7):2036-43,NULL
1702973,19900701,article,mesh,"Animals,Cattle,DNA,DNA Damage,Female,Fuel Oils,Humans,Male,Mice,Mutagenicity Tests,Mutagens,Nitro Compounds,Pyrenes,Rabbits,Rats,Vehicle Emissions","metabolism,methods,toxicity","D009574 Q000633 NY,D011721 Q000633 NN,D011721 Q000378 NY,D005648 Q000633 NY,D004247 Q000378 NN,D001335 Q000633 NY,D009152 Q000379 NN","21694,39184,39185,53230,44135672",NULL,Metabolic activation of nitropyrenes and diesel particulate extracts.,The aim of this research was to investigate the possible risks of genotoxicity associated with human exposure to diesel engine emissions. We sought to identify and evaluate the critical components of such emissions by using a variety of short-term biological systems. Adducts formed between benzo[a]pyrene and DNA in several short-term test systems have been thoroughly investigated. Although benzo[a]pyrene has long been used as an index of the potential carcinogenicity of polycyclic aromatic hydrocarbon mixtu,Research report (Health Effects Institute),"A M Jeffrey, R M Santella, D Wong, L L Hsieh, V Heisig, G Doskocil, S Ghayourmanesh"," College of Physicians and Surgeons, Columbia University, New York, NY 10032-2704.",1990 Jul;?(34):1-30,NULL
3115926,19870801,article,mesh,"Carcinogens,DNA Repair,Environmental Pollutants,Fluorenes,Humans,In Vitro Techniques,Liver,Mutagens,Pyrenes",drug effects,D008099 Q000187 NY,NULL,NULL,Genotoxicity of a variety of nitroarenes in DNA repair tests with human hepatocytes.,"The genotoxicities of 8 nitroarenes, i.e., 1-nitropyrene, 1,3-dinitropyrene, 1,6-dinitropyrene, 1,8-dinitropyrene, 2,7-dinitrofluorene, 3-nitrofluoranthene, 1-nitro-3-hydroxypyrene and 1-nitro-3-acetoxypyrene, were examined in DNA repair tests using human isolated hepatocytes. Out of the tested nitroarenes, 5 compounds, i.e., 1-nitropyrene, 1,3-dinitropyrene, 1,6-dinitropyrene, 1,8-dinitropyrene and 1-nitro-3-acetoxypyrene, clearly elicited positive responses of DNA repair. Among the chemicals which elicite",Japanese journal of cancer research : Gann,"N Yoshimi, H Mori, S Sugie, H Iwata, T Kinouchi, Y Ohnishi"," Department of Pathology, Gifu University School of Medicine.",1987 Aug;78(8):807-13,NULL
3077323,19860801,article,mesh,"Animals,Biotransformation,Cells, Cultured,Cytosol,DNA,DNA Repair,DNA, Bacterial,Microsomes, Liver,Mutagenicity Tests,Oxidation-Reduction,Pyrenes,Rats,Rats, Inbred Strains,Salmonella typhimurium","metabolism,pharmacokinetics","D008862 Q000378 NY,D003600 Q000378 NN,D004247 Q000378 NY,D004269 Q000378 NN,D012486 Q000378 NN,D011721 Q000493 NY",44135672,NULL,The metabolic activation and DNA adducts of dinitropyrenes.,"Dinitropyrenes are contaminants in diesel emissions that are mutagenic in bacteria and mammalian cells, and tumorigenic in laboratory animals. In this project, we investigated the factors that contributed to the extreme genotoxicity of dinitropyrenes in bacteria and determined if these factors were important in mammalian cells. Xanthine oxidase, a mammalian nitroreductase, catalyzed the conversion of the dinitropyrenes to DNA-bound products, but the level of binding did not exceed that observed with 1-nitro",Research report (Health Effects Institute),F A Beland," Department of Biochemistry, University of Arkansas for Medical Sciences, Little Rock 72205.",1986 Aug;?(4):3-30,NULL
3821774,19870201,article,mesh,"Animals,Cells, Cultured,DNA Damage,DNA Repair,Liver,Mice,Mutagenicity Tests,Nitro Compounds,Rats,Species Specificity,Structure-Activity Relationship","drug effects,pharmacology","D009574 Q000494 NY,D008099 Q000187 NY",NULL,NULL,Genotoxicity of a variety of nitroarenes and other nitro compounds in DNA-repair tests with rat and mouse hepatocytes.,"Genotoxicity of a variety of nitroarenes and other compounds was examined in DNA-repair tests with rat or mouse hepatocytes. Out of 15 nitroarenes tested, 9 compounds, i.e., 1-nitropyrene, 1,3-dinitropyrene, 1,6-dinitropyrene, 1,8-dinitropyrene, 1-nitro-3-acetoxypyrene, 3-nitrofluoranthene, 2-nitrofluorene, 2,7-di-nitrofluorene and 5-nitroacenaphthene elicited positive response of DNA repair in the tests with rat and mouse hepatocytes. Among the positive chemicals, the DNA-repair level of the 3 dinitropyren",Mutation research,"H Mori, S Sugie, N Yoshimi, T Kinouchi, Y Ohnishi",NULL,1987 Feb;190(2):159-67,10.1016/0165-7992(87)90049-2
15606153,20041201,article,"xref,mesh","Animals,Carcinogens,Cattle,DNA,DNA Damage,Free Radical Scavengers,Humans,NADPH-Ferrihemoprotein Reductase,Oxidative Stress,Phenanthrolines,Pyrenes,Rats","chemistry,metabolism,pharmacology,toxicity","D002273 Q000633 NN,D011721 Q000633 NY,D004247 Q000378 NN,D016166 Q000378 NN,D009251 Q000494 NY,D010618 Q000737 NN","39184,39185,53230,65149,108093,114987,44135672","127534869,128009791,128432531,128887475,129644131",Oxidative DNA damage induced by carcinogenic dinitropyrenes in the presence of P450 reductase.,"Nitropyrenes are widespread in the environment due to mainly diesel engine emissions. Dinitropyrenes (DNPs), especially 1,8-dinitropyrene (1,8-DNP) and 1,6-dinitropyrene (1,6-DNP), are much more potent mutagens than other nitropyrenes. The carcinogenicity of 1,8-DNP and 1,6-DNP is stronger than 1,3-dinitropyrene (1,3-DNP). It is considered that adduct formation after metabolic activation plays an important role in the expression of carcinogenicity of nitropyrenes. However, Djuric et al. [(1993) Cancer Lett.",Chemical research in toxicology,"Mariko Murata, Shiho Ohnishi, Kazuharu Seike, Kiyoshi Fukuhara, Naoki Miyata, Shosuke Kawanishi"," Department of Environmental and Molecular Medicine, Mie University School of Medicine, 2-174, Edobashi, Tsu, Mie 514-8507, Japan.",2004 Dec;17(12):1750-6,10.1021/tx0497550
20737582,20120501,article,"xref,mesh","Benzene,Carcinogens,DNA Damage,Humans,In Situ Hybridization, Fluorescence,Lymphocytes,Mutagenicity Tests,Nitrobenzenes,Nitrophenols,Pyrenes,Salmonella typhimurium","drug effects,genetics,toxicity","D009596 Q000633 NY,D002273 Q000633 NN,D009578 Q000633 NY,D011721 Q000633 NY,D004249 Q000187 NY,D012486 Q000235 NN,D001554 Q000633 NY,D012486 Q000187 NN,D008214 Q000187 NN","241,996,1493,6947,7416,21694,31423,39184,39185,53230","127424817,127490147,127534869,128009791,128206987,128215673,128432531,128527281,129359265,129369435",Environmental nitration processes enhance the mutagenic potency of aromatic compounds.,"This work is an attempt to establish if aromatic nitration processes are always associated with an increase of genotoxicity. We determined the mutagenic and genotoxic effects of Benzene (B), Nitrobenzene (NB), Phenol (P), 2-Nitrophenol (2-NP), 2,4-Dinitrophenol (2,4-DNP), Pyrene (Py), 1-Nitropyrene (1-NPy), 1,3-Dinitropyrene (1,3-DNPy), 1,6-Dinitropyrene (1,6-DNPy), and 1,8-Dinitropyrene (1,8-DNPy). The mutagenic activities were evaluated with umuC test in presence and in absence of metabolic activation wit",Environmental toxicology,"Aurélie Bonnefoy, Serge Chiron, Alain Botta"," Laboratoire de Biogénotoxicologie et Mutagénèse Environnementale, EA 1784/FR 3098 ECCOREV, Faculté de Médecine, 27 Bd Jean Moulin, 13385 Marseille Cedex 5, France. aurelie.bonnefoy@univmed.fr",2012 May;27(6):321-31,10.1002/tox.20644
3317033,19871201,article,mesh,"Biotransformation,Carcinogens,DNA Repair,Genes, Bacterial,Mutagenicity Tests,Mutagens,SOS Response (Genetics),Salmonella typhimurium,Structure-Activity Relationship","drug effects,genetics,pharmacokinetics","D002273 Q000493 YN,D004260 Q000187 NY,D012486 Q000235 NY,D013014 Q000187 NY,D009153 Q000493 YN",NULL,NULL,SOS-inducing activity of chemical carcinogens and mutagens in Salmonella typhimurium TA1535/pSK1002: examination with 151 chemicals.,"The umu test system is a newly developed method to evaluate genotoxic activities of a wide variety of environmental carcinogens and mutagens (Oda et al., 1985). In the present study, we further examined the abilities of 151 chemicals to induce umu gene expression in Salmonella typhimurium TA1535/pSK1002. Among the chemicals examined, 72 compounds induced umu gene expression, which could be defined on a basis of increased beta-galactosidase activity by 2-fold over the background level. The potent genotoxic c",Mutation research,"S I Nakamura, Y Oda, T Shimada, I Oki, K Sugimoto"," Osaka Prefectural Institute of Public Health, Japan.",1987 Dec;192(4):239-46,10.1016/0165-7992(87)90063-7
8491215,19930101,article,mesh,"Acetyltransferases,Cloning, Molecular,DNA, Bacterial,Deoxyribonuclease BamHI,Deoxyribonucleases, Type II Site-Specific,Enzyme Induction,Gene Expression,Gene Expression Regulation, Bacterial,Genes, Bacterial,Mutagenicity Tests,Mutagens,Nitro Compounds,Nitroreductases,Operon,Plasmids,Pyrenes,Recombinant Fusion Proteins,Salmonella typhimurium,Sensitivity and Specificity,Species Specificity,beta-Galactosidase","biosynthesis,drug effects,enzymology,genetics,metabolism,methods,toxicity","D009152 Q000379 NY,D009574 Q000633 NY,D011721 Q000633 NN,D011993 Q000096 NY,D015245 Q000378 NN,D009601 Q000378 NN,D001616 Q000235 NN,D009601 Q000235 NN,D012486 Q000201 NN,D000123 Q000235 NN,D004269 Q000187 NN,D012486 Q000235 NN,D015252 Q000378 NN,D001616 Q000378 NN,D015870 Q000187 NY,D000123 Q000378 NN,D004790 Q000187 NN,D012486 Q000187 NY,D009153 Q000633 NY",39184,NULL,Highly sensitive umu test system for the detection of mutagenic nitroarenes in Salmonella typhimurium NM3009 having high O-acetyltransferase and nitroreductase activities.,"A highly sensitive umu test system for the detection of genotoxic activities of a variety of mutagenic nitroarenes has been developed using a new tester strain, Salmonella typhimurium NM3009 having high O-acetyltransferase (O-AT) and nitroreductase (NR) activities. The NM3009 was constructed by subcloning both the O-AT and NR genes into plasmid vector pACYC184, and the resulting plasmid was introduced into the parent tester strain S. typhimurium TA1535/pSK1002 harboring an umuC'-'lacZ fusion gene. The induc",Environmental and molecular mutagenesis,"Y Oda, H Yamazaki, M Watanabe, T Nohmi, T Shimada"," Osaka Prefectural Institute of Public Health, Japan.",1993 Jan;21(4):357-64,10.1002/em.2850210407
20118186,20100501,article,xref,"Bacterial Proteins,Biocatalysis,Electrochemical Techniques,Enzyme Activation,Hydrocarbons, Aromatic,Kinetics,Mutagenicity Tests,Nitro Compounds,Nitroreductases,Oxidation-Reduction,Quinones,Salmonella typhimurium","drug effects,enzymology,isolation &amp; purification,metabolism,toxicity","D009574 Q000633 NY,D009601 Q000302 NN,D010084 Q000187 NN,D006841 Q000633 NY,D001426 Q000302 NN,D004789 Q000187 NN,D012486 Q000201 NY,D009601 Q000378 NY,D055162 Q000187 NN,D012486 Q000187 NY,D001426 Q000378 NY,D011809 Q000633 NY","11831,21502,21694,53230","127424817,128170843,128432531,129681761",Correlation of the genotoxic activation and kinetic properties of Salmonella enterica serovar Typhimurium nitroreductases SnrA and cnr with the redox potentials of nitroaromatic compounds and quinones.,"Bacterial nitroreductases (NRs) catalyse the oxygen-insensitive reduction of several nitro-substituted compounds and quinones. SnrA and cnr NRs have been previously identified in Salmonella enterica serovar Typhimurium; they reduce several environmental nitro compounds that display mutagenic activity in the Ames test. Although some of their biochemical properties have been reported, the substrate specificity of each protein over mutagenic nitro compounds is unknown; even more, the possible relationship betw",Mutagenesis,"S G Salamanca-Pinzón, R Camacho-Carranza, S L Hernández-Ojeda, B A Frontana-Uribe, C I Espitia-Pinzón, J J Espinosa-Aguirre"," Departamento de Medicina Genómica y Toxicología Ambiental, Instituto de Investigaciones Biomédicas, Universidad Nacional Autónoma de México, Apartado Postal 70228, México, D.F. 04510, México.",2010 May;25(3):249-55,10.1093/mutage/geq001
22351035,20120401,article,xref,"Air Pollutants,Animals,Biotransformation,Carcinogens, Environmental,Cell Line,DNA Adducts,Embryo, Mammalian,Fibroblasts,Gene Knock-In Techniques,Humans,Mice,Mutagenicity Tests,Nitro Compounds,Polycyclic Aromatic Hydrocarbons,Tumor Suppressor Protein p53,Vehicle Emissions","cytology,drug effects,genetics,metabolism,methods,toxicity","D009152 Q000379 NY,D000393 Q000633 NN,D002274 Q000633 NY,D018736 Q000187 NN,D001711 Q000235 NN,D002274 Q000378 NN,D005347 Q000378 NN,D001335 Q000633 NY,D004622 Q000166 NN,D011084 Q000378 NN,D016159 Q000235 NY,D005347 Q000187 NY,D009574 Q000378 NN","2336,21694,24121,39184,39185,53230,94787,57458870","127424817,127534869,127636500,127868578,128009791,128432531,129342069,245060534",Metabolic activation of diesel exhaust carcinogens in primary and immortalized human TP53 knock-in (Hupki) mouse embryo fibroblasts.,"Approximately 50% of human tumors have a mutation in TP53. The pattern and spectra of TP53 mutations often differ between cancer types, perhaps due to different etiological factors. The Hupki (human TP53 knock-in) mouse embryo fibroblast (HUF) immortalization assay is useful for studying mutagenesis in the human TP53 gene by environmental carcinogens. Prior to initiating an immortalization assay, carcinogen treatment conditions must be optimized, which can require a large number of cells. As primary HUF cul",Environmental and molecular mutagenesis,"Jill E Kucab, David H Phillips, Volker M Arlt"," Institute of Cancer Research, Section of Molecular Carcinogenesis, Sutton, Surrey, United Kingdom. jill.kucab@kcl.ac.uk",2012 Apr;53(3):207-17,10.1002/em.21679
17240030,20070307,article,"xref,mesh","Animals,Apoptosis,Carcinogens, Environmental,Carcinoma, Hepatocellular,Cell Line, Tumor,Cell Nucleus,Cell Survival,DNA Adducts,DNA Damage,Dose-Response Relationship, Drug,Hepatocytes,Lipid Peroxidation,Mice,Mutagens,Phosphorylation,Pyrenes,Quantitative Structure-Activity Relationship,Signal Transduction,Tumor Suppressor Protein p53,Vehicle Emissions","analysis,chemistry,classification,drug effects,metabolism,pathology,toxicity","D002274 Q000633 NY,D017209 Q000187 NY,D022781 Q000378 NN,D002470 Q000187 NN,D011721 Q000633 NY,D001335 Q000633 NY,D015227 Q000187 NN,D011721 Q000145 NN,D018736 Q000032 NN,D016159 Q000378 NN,D022781 Q000187 NY,D011721 Q000737 NN,D002467 Q000187 NN,D022781 Q000473 NN,D009153 Q000633 NY,D002467 Q000378 NN","2336,11790,21694,39184,39185,53230","53788573,53788823,53790775,126522378,126522442,127424817,127534869,128009791,128432531,129467559",Effects of nitrated-polycyclic aromatic hydrocarbons and diesel exhaust particle extracts on cell signalling related to apoptosis: possible implications for their mutagenic and carcinogenic effects.,"Nitrated-polycyclic aromatic hydrocarbons (nitro-PAHs) and diesel exhaust particle extracts (DEPE) induced apoptosis in Hepa1c1c7 cells with the following potency: 1,3-dinitropyrene (1,3-DNP)>1-nitropyrene (1-NP) >> DEPE >> 1,8-dinitropyrene (1,8-DNP). The compounds induced cyp1a1, and activated various intracellular signalling pathways related to apoptosis. The CYP inhibitor alpha-naphthoflavone strongly reduced 1,3-DNP-induced cell death, whereas cell death induced by 1-NP was rather increased. Toxic 1,3-",Toxicology,"Nina E Landvik, Morgane Gorria, Volker M Arlt, Nana Asare, Anita Solhaug, Dominique Lagadic-Gossmann, Jørn A Holme"," Division of Environmental Medicine, Norwegian Institute of Public Health, Nydalen, N-0403 Oslo, Norway.",2007 Mar;231(?):159-74,10.1016/j.tox.2006.12.009
28962260,20140101,article,NULL,NULL,NULL,NULL,NULL,NULL,"Mechanisms linked to differences in the mutagenic potential of 1,3-dinitropyrene and 1,8-dinitropyrene.","This study explores and characterizes the toxicity of two closely related carcinogenic dinitro-pyrenes (DNPs), 1,3-DNP and 1,8-DNP, in human bronchial epithelial BEAS-2B cells and mouse hepatoma Hepa1c1c7 cells. Neither 1,3-DNP nor 1,8-DNP (3-30 μM) induced cell death in BEAS-2B cells. In Hepa1c1c7 cells only 1,3-DNP (10-30 μM) induced a mixture of apoptotic and necrotic cell death after 24 h. Both compounds increased the level of reactive oxygen species (ROS) in BEAS-2B as measured by CM-H(2)DCFDA-fluoresc",Toxicology reports,"J A Holme, H E Nyvold, V Tat, V M Arlt, A Bhargava, K B Gutzkow, A Solhaug, M Låg, R Becher, P E Schwarze, K Ask, L Ekeren, J Øvrevik"," Division of Environmental Medicine, Norwegian Institute of Public Health, N-0403 Oslo, Norway. Division of Environmental Medicine, Norwegian Institute of Public Health, N-0403 Oslo, Norway. Department of Medicine, McMaster University, Hamilton, ON, Canada. Analytical and Environmental Sciences Division, MRC-PHE Centre for Environment and Health, King's College London, London, United Kingdom. Department of Medicine, McMaster University, Hamilton, ON, Canada. Division of Environmental Medicine, Norwegian Ins",2014 Jan;1(?):459-473,10.1016/j.toxrep.2014.07.009
3785279,19861201,article,mesh,"Animals,DNA Repair,Dose-Response Relationship, Drug,Lung,Male,Pyrenes,Rabbits","cytology,drug effects,pharmacology","D011721 Q000494 NY,D004260 Q000187 NY,D008168 Q000166 NN,D008168 Q000187 NY","21694,39184,39185",NULL,Nitropyrene-induced DNA repair in Clara cells and alveolar type-II cells isolated from rabbit lung.,"DNA excision repair, as measured by unscheduled DNA synthesis (UDS), was examined in different cell types of rabbit lung exposed to nitropolycyclic aromatic hydrocarbons (NO-PAH) in vitro. Dose-related increases in UDS were observed. 1,6-Dinitropyrene (1,6-DNP) and 1,8-dinitropyrene (1,8-DNP) induced UDS more effectively in alveolar type-II cells compared with Clara cells. On the other hand, 1-nitropyrene (1-NP) caused a weak UDS response in Clara cells but no DNA repair in alveolar type-II cells. ",Mutation research,"A Haugen, T Aune, T Deilhaug",NULL,1986 Dec;175(4):259-62,10.1016/0165-7992(86)90064-3
1579071,19920301,article,mesh,"Animals,Carcinogens,Drosophila melanogaster,Mutagenicity Tests,Mutagens,Quinolines,Salmonella","drug effects,toxicity","D012475 Q000187 NN,D011804 Q000633 NY,D002273 Q000633 NY,D004331 Q000187 NY,D009153 Q000633 NY",NULL,NULL,"Genotoxicity of 2-amino-3-methylimidazo[4,5-f]quinoline (IQ) and related compounds in Drosophila.","The potent food mutagen and carcinogen 2-amino-3-methylimidazo[4,5- f]quinoline (IQ) and the structurally related heterocyclic aromatic amines 2-aminoimidazo[4,5-f]quinoline (demethyl-IQ) and 2-amino-1-methylimidazo[4,5-f]quinoline (iso-IQ) were assayed for genotoxicity in the wing somatic mutation and recombination test (SMART) as well as in the sex-linked recessive lethal (SLRL) test in Drosophila melanogaster. In addition, 3-methyl-2-nitroimidazo[4,5-f]quinoline (nitro-IQ), 2-nitrofluorene and 1,8-dinitr",Mutagenesis,"U Graf, D Wild, F E Würgler"," Institute of Toxicology, University of Zurich, Switzerland.",1992 Mar;7(2):145-9,10.1093/mutage/7.2.145
12239219,20021122,article,"xref,mesh","CpG Islands,DNA Adducts,DNA Repair,DNA, Single-Stranded,Escherichia coli,Genetic Vectors,Hydrogen Bonding,Models, Molecular,Molecular Structure,Mutagenesis,Mutagens,Nucleic Acid Conformation,Phenotype,Pyrenes","chemistry,genetics","D004277 Q000737 NN,D011721 Q000737 NY,D018899 Q000235 NY,D004926 Q000235 NN,D018736 Q000235 NY,D018736 Q000737 NN,D004277 Q000235 NN,D009153 Q000737 NY","764,21694,31423,39184,39185,53810067,135398634,136171541","127424817,127490147,127534869,127876526,128009791,129439837","Comparative mutagenesis of the C8-guanine adducts of 1-nitropyrene and 1,6- and 1,8-dinitropyrene in a CpG repeat sequence. A slipped frameshift intermediate model for dinucleotide deletion.","In the Ames Salmonella typhimurium reversion assay 1,6- and 1,8-dinitropyrenes (1,6- and 1,8-DNPs) are much more potent mutagens than 1-nitropyrene (1-NP). Genetic experiments established that certain differences in the metabolism of the DNPs, which in turn result in increased DNA adduction, play a role. It remained unclear, however, if the DNP adducts, N-(guanin-8-yl)-1-amino-6 ()-nitropyrene (Gua-C8-1,6-ANP and Gua-C8-1,8-ANP), which contain a nitro group on the pyrene ring covalently linked to the guanin",The Journal of biological chemistry,"Pablo Hilario, Shixiang Yan, Brian E Hingerty, Suse Broyde, Ashis K Basu"," Department of Chemistry, University of Connecticut, Storrs, Connecticut 06269, USA.",2002 Nov;277(47):45068-74,10.1074/jbc.m208103200
1459443,19921201,article,mesh,"Base Sequence,DNA Repair,DNA, Bacterial,Escherichia coli,Frameshift Mutation,Lac Operon,Molecular Sequence Data,Mutagenesis,Mutagens,Nitroso Compounds,Pyrenes,Structure-Activity Relationship","chemistry,genetics,toxicity","D009153 Q000737 NN,D011721 Q000633 NY,D004269 Q000737 NY,D011721 Q000737 NN,D009603 Q000633 NY,D004926 Q000235 NY,D009603 Q000737 NN,D009153 Q000633 NY",108093,NULL,The influence of local DNA sequence and DNA repair background on the mutational specificity of 1-nitroso-8-nitropyrene in Escherichia coli: inferences for mutagenic mechanisms.,"We have examined the mutational specificity of 1-nitroso-8-nitropyrene (1,8-NONP), an activated metabolite of the carcinogen 1,8-dinitropyrene, in the lacI gene of Escherichia coli strains which differ with respect to nucleotide excision repair (+/- delta uvrB) and MucA/B-mediated error-prone translesion synthesis (+/- pKM101). Several different classes of mutation were recovered, of which frameshifts, base substitutions, and deletions were clearly induced by 1,8-NONP treatment. The high proportion of point",Genetics,"I B Lambert, A J Gordon, B W Glickman, D R McCalla"," Department of Biochemistry, McMaster University, Hamilton, Ontario, Canada.",1992 Dec;132(4):911-27,NULL
2029753,19910501,article,mesh,"Animals,Base Sequence,Cattle,DNA Repair,DNA, Bacterial,Escherichia coli,Frameshift Mutation,Molecular Sequence Data,Mutagens,Nitroso Compounds,Pyrenes","drug effects,genetics","D004926 Q000187 NY,D004269 Q000187 NY,D004269 Q000235 NN",108093,NULL,The action of 1-nitroso-8-nitropyrene in Escherichia coli: DNA adduct formation and mutational consequences in the absence of nucleotide excision-repair.,"To study the mechanisms of mutagenesis by the carcinogen 1,8-dinitropyrene we have determined the DNA adducts formed and mutations induced by its partially activated metabolite 1-nitroso-8-nitropyrene (1,8-NONP) in an Escherichia coli strain deficient in nucleotide excision-repair. Using DNA sequence analysis we have characterized a collection of 159 lacI- mutations recovered following treatment with 1,8-NONP. The mutational spectrum was dominated by -1 frameshifts (110 events) in runs of contiguous G or C ",Carcinogenesis,"I B Lambert, A J Gordon, D W Bryant, B W Glickman, D R McCalla"," Department of Biochemistry, McMaster University, Hamilton, Ontario, Canada.",1991 May;12(5):879-84,10.1093/carcin/12.5.879
11113705,20001220,article,"xref,mesh","Aryl Hydrocarbon Hydroxylases,Biotransformation,Cytochrome P-450 CYP1A1,Cytochrome P-450 CYP1A2,Cytochrome P-450 CYP1B1,Cytochrome P-450 Enzyme System,Escherichia coli,Humans,Mutagenicity Tests,Mutagens,NADPH-Ferrihemoprotein Reductase,Pyrenes,Recombinant Fusion Proteins,Salmonella typhimurium,Structure-Activity Relationship,Vehicle Emissions","analysis,drug effects,enzymology,metabolism,pharmacokinetics,pharmacology,toxicity","D011721 Q000494 NN,D009153 Q000493 NY,D001335 Q000032 NN,D001335 Q000633 NY,D019363 Q000378 NY,D019388 Q000378 NY,D003577 Q000378 NY,D004926 Q000201 NN,D009153 Q000494 NN,D011993 Q000378 NN,D012486 Q000187 NN,D009251 Q000378 NN,D011721 Q000493 NY","13462,21694,25760,39184,39185,53230","104231706,126522378,126522442,126522458","Bioactivation of diesel exhaust particle extracts and their major nitrated polycyclic aromatic hydrocarbon components, 1-nitropyrene and dinitropyrenes, by human cytochromes P450 1A1, 1A2, and 1B1.",The genotoxicities of four samples of diesel exhaust particle (DEP) extracts (DEPE) and nine nitroarenes found in DEPE were investigated after activation catalyzed by human cytochrome P450 (P450) family 1 enzymes co-expressed with NADPH-cytochrome P450 reductase (NPR) in Escherichia coli membranes. The DEPE samples induced umu gene expression in Salmonella typhimurium TA1535/pSK1002 without any P450 system and were further activated by human P450 1B1/NPR membranes. Moderate activation of the DEPE sample by ,Mutation research,"H Yamazaki, N Hatanaka, R Kizu, K Hayakawa, N Shimada, F P Guengerich, M Nakajima, T Yokoi"," Division of Drug Metabolism, Faculty of Pharmaceutical Sciences, Kanazawa University, 13-1 Takara-machi, 920-0934, Kanazawa, Japan.",2000 Dec;472(?):129-38,10.1016/s1383-5718(00)00138-8
6346089,19830701,article,mesh,"Biotransformation,Esterification,Mutagenicity Tests,Mutagens,Mutation,Nitro Compounds,Pyrenes,Salmonella typhimurium","drug effects,genetics,metabolism,pharmacology","D011721 Q000494 NY,D012486 Q000235 NY,D009154 Q000187 NN,D011721 Q000378 NN,D009153 Q000494 NY,D012486 Q000378 NN,D009574 Q000494 NN,D012486 Q000187 NN",39185,NULL,"The basis of the insensitivity of Salmonella typhimurium strain TA98/1,8-DNP6 to the mutagenic action of nitroarenes.","Salmonella typhimurium tester strain TA98/1,8-DNP6 is resistant to the mutagenicity of 1,8-dinitropyrene because it lacks an esterification enzyme which is needed for the formation of the ultimate mutagen, presumably the corresponding hydroxamic acid ester. This enzyme does not appear to be required for the activation of all nitroarenes and arylamines, as some of these are fully active in TA98/1,8-DNP. It is suggested that these form electrophilic arylnitrenium ions nonenzymatically from nitroso- and N-hydr",Mutation research,"E C McCoy, M Anders, H S Rosenkranz",NULL,1983 Jul;121(1):17-23,10.1016/0165-7992(83)90081-7
23242275,20121201,article,mesh,"4-Nitroquinoline-1-oxide,Benzoquinones,DNA Damage,Furans,Mutagenicity Tests,Mutagens,Pyrenes,SOS Response (Genetics),Salmonella typhimurium,beta-Galactosidase","drug effects,enzymology,genetics,pharmacology,toxicity","D015112 Q000494 NN,D016227 Q000494 NN,D004249 Q000187 NY,D012486 Q000201 NY,D016227 Q000633 NN,D001616 Q000235 NY,D009153 Q000494 NY,D012486 Q000187 NN,D005663 Q000494 NN","4650,5955,39185,53665",NULL,Electrochemical genotoxicity assay based on a SOS/umu test using hydrodynamic voltammetry in a droplet.,"The SOS/umu genotoxicity assay evaluates the primary DNA damage caused by chemicals from the β-galactosidase activity of S. typhimurium. One of the weaknesses of the common umu test system based on spectrophotometric detection is that it is unable to measure samples containing a high concentration of colored dissolved organic matters, sediment, and suspended solids. However, umu tests with electrochemical detection techniques prove to be a better strategy because it causes less interference, enables the ana","Sensors (Basel, Switzerland)","Hideki Kuramitz, Kazuto Sazawa, Yasuaki Nanayama, Noriko Hata, Shigeru Taguchi, Kazuharu Sugawara, Masami Fukushima"," Department of Environmental Biology and Chemistry, Graduate School of Science and Engineering for Research, University of Toyama, Gofuku 3190, Toyama 930-8555, Japan. kuramitz@sci.u-toyama.ac.jp",2012 Dec;12(12):17414-32,10.3390/s121217414
25494477,20141226,article,"mesh,assay","Acetyltransferases,Acrolein,Anticarcinogenic Agents,Environmental Pollutants,Escherichia coli,Molecular Structure,Mutagenicity Tests,Mutagens,Nitroreductases,Salmonella typhimurium","analogs &amp; derivatives,chemistry,drug effects,enzymology,genetics,metabolism,pharmacology","D000171 Q000494 NN,D009601 Q000378 NN,D000123 Q000187 NN,D012486 Q000201 NN,D004926 Q000187 NN,D012486 Q000235 NY,D000123 Q000378 NN,D009153 Q000494 NY,D000171 Q000031 NY,D000171 Q000737 NN,D012486 Q000187 NN,D009601 Q000187 NN,D016588 Q000494 NN","7847,1550884",NULL,α-Hexylcinnamaldehyde inhibits the genotoxicity of environmental pollutants in the bacterial reverse mutation assay.,"The antimutagenicity of α-hexylcinnamaldehyde (1), a semisynthetic and more stable derivative of cinnamaldehyde, was evaluated against common environmental pollutants in the bacterial reverse mutation assay. The pre-, co-, and post-treatment protocols were applied to assess the involvement of desmutagenic and/or bioantimutagenic mechanisms. Compound 1 (9-900 μM) produced a strong antimutagenicity (>40% inhibition) in the Salmonella typhimurium TA98 strain against the nitroarenes 2-nitrofluorene and 1-nitrop",Journal of natural products,"Silvia Di Giacomo, Gabriela Mazzanti, Maria Grazia Sarpietro, Antonella Di Sotto"," Department of Physiology and Pharmacology ""V. Erspamer"", Sapienza University of Rome , P.le Aldo Moro 5, 00185 Rome, Italy.",2014 Dec;77(12):2664-70,10.1021/np500567d
7508225,19930101,article,mesh,"Acetylcysteine,Antimutagenic Agents,Fossil Fuels,Humans,Lymphocytes,Mutagenicity Tests,Mutagens,Pyrenes,Salmonella typhimurium,Sister Chromatid Exchange,Vehicle Emissions","cytology,drug effects,isolation &amp; purification,pharmacology,physiology,toxicity","D011721 Q000633 NN,D000111 Q000494 NY,D016587 Q000494 NY,D005579 Q000633 NY,D008214 Q000187 NY,D008214 Q000502 NN,D008214 Q000166 NN,D012486 Q000187 NY,D009153 Q000302 NN,D009153 Q000633 NY,D012854 Q000187 NY","12035,21694,39185,12114682,23678798",NULL,N-acetylcysteine inhibits diesel extract mutagenicity in the Ames test and SCE induction in human lymphocytes.,"N-Acetylcysteine (NAC) has been reported to decrease genotoxicity induced by several mutagens. In this paper, the desmutagenic effect of NAC on a complex mixture, such as diesel extract, has been analyzed. Studies have been carried out in vitro with the Ames test (reverse mutations on TA98, TA100, and TA104 strains) and sister chromatid exchanges assay (SCE) in human lymphocytes. NAC inhibits diesel genotoxicity in both assays. NAC also inhibits the mutagenicity of 1,8-dinitropyrene (1,8-DNP) and 1-nitropyr",Basic life sciences,"R Barale, R Micheletti, C Sbrana, I Glussich, C Scapoli, I Barrai"," Dipt. Scienze dell'Ambiente e del Territorio, Università di Pisa, Italy.",1993 Jan;61(?):149-60,NULL
10357791,19990601,article,mesh,"Arylamine N-Acetyltransferase,Biotransformation,Carcinogens,Chrysenes,Fluorenes,Humans,Isoenzymes,Pyrenes,Quinolines,Salmonella typhimurium","genetics,growth &amp; development,pharmacokinetics,physiology,toxicity","D011721 Q000633 NN,D005449 Q000633 NN,D002273 Q000633 NY,D011721 Q000493 NN,D002911 Q000633 NN,D012486 Q000235 NY,D011804 Q000493 NN,D012486 Q000254 NN,D002911 Q000493 NN,D011804 Q000633 NN,D001191 Q000502 NY,D002273 Q000493 NN,D007527 Q000502 NY,D005449 Q000493 NN","1539,11831,17534,39185,62274",NULL,"Role of human N-acetyltransferases, NAT1 or NAT2, in genotoxicity of nitroarenes and aromatic amines in Salmonella typhimurium NM6001 and NM6002.","Human NAT1 and NAT2 genes were subcloned into pACYC184 vector and the plasmids thus obtained were introduced into Salmonella typhimurium O-acetyltransferase-deficient strain NM6000 (TA1538/1, 8-DNP/pSK1002), establishing new strains NM6001 and NM6002, respectively. We compared the sensitivities of these two strains with those of NM6000 towards carcinogenic nitroarenes and aromatic amines in the SOS/umu response. The induction of umuC gene expression by these chemicals in the presence and absence of the S9 f",Carcinogenesis,"Y Oda, H Yamazaki, T Shimada"," Osaka Prefectural Institute of Public Health, 3-69 Nakamichi 1-chome, Higashinari-ku, Osaka 537-0025, Japan.",1999 Jun;20(6):1079-83,10.1093/carcin/20.6.1079
11551482,20010920,article,"xref,mesh","Antimutagenic Agents,Catechin,Chromatography, High Pressure Liquid,DNA Damage,Dose-Response Relationship, Drug,In Vitro Techniques,Mutagens,Nitro Compounds,Plant Extracts,Polycyclic Aromatic Hydrocarbons,SOS Response (Genetics),Salmonella typhimurium,Tea","chemistry,drug effects,genetics,pharmacology,toxicity","D009574 Q000633 NY,D010936 Q000737 NN,D002392 Q000494 NY,D016587 Q000494 NY,D004249 Q000187 NY,D011084 Q000633 NN,D012486 Q000235 NN,D013662 Q000737 NN,D013014 Q000187 NN,D010936 Q000494 NY,D016587 Q000737 NN,D012486 Q000187 NN,D009153 Q000633 NY","1203,9064,11831,13462,21694,39185,72276,182232,255538","127424817,127534869,128909635,128920048,129681761",Catechins are not major components responsible for anti-genotoxic effects of tea extracts against nitroarenes.,"The anti-genotoxic properties of tea leaf extracts were examined in a Salmonella umu-test. Seven non-fermented teas (green tea), one semi-fermented tea (oolong tea), two fermented teas (black tea and Chinese pu er tea) and two other teas were examined for their anti-genotoxic abilities and for their catechins contents. This was to study the relationship between catechins contents and anti-genotoxic activity of various tea leaf extracts. All types of tea extracts showed more potent suppressive effects agains",Mutation research,"T Ohe, K Marutani, S Nakase"," Department of Food and Nutrition Science, Kyoto Women's University, 605-8501, Kyoto, Japan. ooe@kyoto-wu.ac.jp",2001 Sep;496(?):75-81,10.1016/s1383-5718(01)00220-0
7821284,19941001,article,mesh,"Adult,Air Pollutants,Animals,Carcinogenicity Tests,Carcinogens, Environmental,Female,Humans,Lung Neoplasms,Male,Middle Aged,Mutagenicity Tests,Mutagens,Nitro Compounds,Polycyclic Compounds,Rats,Rats, Inbred F344,Salmonella typhimurium","adverse effects,chemically induced,drug effects,toxicity","D009574 Q000633 NY,D009574 Q000009 NN,D002274 Q000633 NY,D011083 Q000009 NN,D000393 Q000009 NN,D008175 Q000139 NY,D011083 Q000633 NY,D012486 Q000187 NN,D009153 Q000633 NY,D002274 Q000009 NN",NULL,NULL,Mutagenic and carcinogenic significance and the possible induction of lung cancer by nitro aromatic hydrocarbons in particulate pollutants.,"Studies of genotoxicity and carcinogenicity of nitro aromatic hydrocarbons focus on their high mutagenicity for bacteria and mammalian cells. Nitrobenzo[a]pyrenes (NBPs) and related nitroazaarenes also are extraordinarily mutagenic. 3-Nitro-6-azabenzo[a]pyren-N-oxide was found to be a more potent mutagen than 1,8-dinitropyrene. Mutagenicity of NBPs was associated with the position of substitution of the nitro function when nitrogen dioxide (NO2) was substituted at the third position on the benzo[a]pyrene (B",Environmental health perspectives,"H Tokiwa, N Sera, A Nakashima, K Nakashima, Y Nakanishi, N Shigematu"," Fukuoka Institute of Health and Environmental Sciences, Japan.",1994 Oct;?(?):107-10,10.1289/ehp.94102s4107
